cell,cell_lat,cell_lon,n_pairs,n_sites,depth_km
39.80_-122.90,39.8,-122.9,1,1,12.0
39.90_-122.20,39.9,-122.2,1,1,21.700715053764146
39.90_-122.80,39.9,-122.8,3,3,12.0
39.90_-122.90,39.9,-122.9,1,1,12.0
39.90_-123.00,39.9,-123.0,1,1,12.188201320132166
40.00_-122.30,40.0,-122.3,2,2,27.18256030150739
40.00_-122.40,40.0,-122.4,2,2,16.825623115576768
40.00_-122.50,40.0,-122.5,3,3,13.131808960270321
40.00_-122.60,40.0,-122.6,1,1,16.41500382409179
40.00_-122.70,40.0,-122.7,1,1,12.0
40.00_-122.80,40.0,-122.8,2,2,13.223554216867416
40.00_-122.90,40.0,-122.9,1,1,13.612090437361417
40.10_-122.20,40.1,-122.2,2,2,32.548873743719874
40.10_-122.30,40.1,-122.3,4,4,30.98000000000054
40.10_-122.40,40.1,-122.4,5,5,19.130111091201222
40.10_-122.50,40.1,-122.5,1,1,21.218029602220312
40.10_-122.60,40.1,-122.6,2,2,17.625061837456013
40.10_-122.70,40.1,-122.7,3,3,13.64587616349673
40.10_-122.80,40.1,-122.8,3,3,12.271392285983119
40.10_-122.90,40.1,-122.9,1,1,32.01573684211043
40.20_-122.20,40.2,-122.2,1,1,23.496832939331643
40.20_-122.30,40.2,-122.3,5,5,36.41168597168614
40.20_-122.40,40.2,-122.4,4,4,28.001859722000304
40.20_-122.50,40.2,-122.5,4,4,21.910493184400014
40.20_-122.60,40.2,-122.6,4,4,16.485546558705046
40.20_-122.70,40.2,-122.7,2,2,19.26849137931146
40.20_-122.80,40.2,-122.8,8,8,12.318276422763851
40.20_-122.90,40.2,-122.9,1,1,35.73733592938487
40.20_-123.10,40.2,-123.1,1,1,37.36504006410422
40.30_-122.20,40.3,-122.2,1,1,22.216000000003774
40.30_-122.30,40.3,-122.3,4,4,31.18390280538933
40.30_-122.40,40.3,-122.4,3,3,32.2311954436461
40.30_-122.50,40.3,-122.5,2,2,22.512944640753325
40.30_-122.60,40.3,-122.6,6,6,13.699542715348231
40.30_-122.70,40.3,-122.7,6,6,33.50422190712576
40.30_-122.80,40.3,-122.8,10,10,16.003011911513536
40.30_-122.90,40.3,-122.9,3,3,29.880440519483543
40.30_-123.00,40.3,-123.0,2,2,43.012558291095544
40.30_-123.10,40.3,-123.1,1,1,40.22164908049356
40.40_-122.40,40.4,-122.4,8,8,22.321011496666166
40.40_-122.50,40.4,-122.5,10,10,42.93932862190765
40.40_-122.60,40.4,-122.6,17,17,17.11538539553743
40.40_-122.70,40.4,-122.7,16,16,30.09275105978704
40.40_-122.80,40.4,-122.8,16,16,18.697006975269222
40.40_-122.90,40.4,-122.9,6,6,28.645978467387096
40.40_-123.00,40.4,-123.0,3,3,25.46251197445434
40.50_-122.40,40.5,-122.4,7,7,14.843428699820583
40.50_-122.50,40.5,-122.5,4,4,19.532747509010015
40.50_-122.60,40.5,-122.6,14,14,19.191294685991004
40.50_-122.70,40.5,-122.7,9,9,35.731049868766874
40.50_-122.80,40.5,-122.8,13,13,33.906188704768894
40.50_-122.90,40.5,-122.9,6,6,20.29258697410892
40.50_-123.00,40.5,-123.0,7,7,40.22486345903911
40.50_-123.10,40.5,-123.1,1,1,31.572869318182217
40.50_-123.20,40.5,-123.2,1,1,24.623875228019187
40.60_-122.00,40.6,-122.0,1,1,14.80505691056969
40.60_-122.40,40.6,-122.4,2,2,19.787582417586965
40.60_-122.50,40.6,-122.5,5,5,19.22501827040206
40.60_-122.60,40.6,-122.6,21,21,17.928773415591948
40.60_-122.70,40.6,-122.7,16,16,18.410896933676604
40.60_-122.80,40.6,-122.8,13,13,24.019982582732133
40.60_-122.90,40.6,-122.9,11,11,24.35653396367256
40.60_-123.00,40.6,-123.0,9,9,37.56073113616461
40.60_-123.10,40.6,-123.1,3,3,23.315778364111058
40.60_-123.20,40.6,-123.2,2,2,28.90287091222349
40.70_-122.40,40.7,-122.4,1,1,18.367360946745194
40.70_-122.50,40.7,-122.5,1,1,17.99342044134749
40.70_-122.60,40.7,-122.6,13,13,20.333267133508603
40.70_-122.70,40.7,-122.7,7,7,20.153881955999164
40.70_-122.80,40.7,-122.8,13,13,18.47414477524805
40.70_-122.90,40.7,-122.9,5,5,17.948926203208124
40.70_-123.00,40.7,-123.0,10,10,14.883647151898128
40.70_-123.10,40.7,-123.1,4,4,28.017957906712475
40.70_-123.20,40.7,-123.2,1,1,31.602619747899393
40.80_-122.50,40.8,-122.5,1,1,17.482684709601067
40.80_-122.60,40.8,-122.6,10,10,17.62906474820387
40.80_-122.70,40.8,-122.7,15,15,23.472646566162915
40.80_-122.80,40.8,-122.8,19,19,19.61460574137426
40.80_-122.90,40.8,-122.9,13,13,16.585124674357363
40.80_-123.00,40.8,-123.0,17,17,23.05625511596135
40.80_-123.10,40.8,-123.1,11,11,23.96110552764134
40.80_-123.20,40.8,-123.2,7,7,31.777749391727994
40.80_-123.30,40.8,-123.3,2,2,28.400151898733558
40.90_-122.00,40.9,-122.0,1,1,18.104356060605898
40.90_-122.40,40.9,-122.4,1,1,14.500727272727557
40.90_-122.60,40.9,-122.6,5,5,26.22388067526464
40.90_-122.70,40.9,-122.7,4,4,12.463575651412373
40.90_-122.80,40.9,-122.8,20,20,16.672392526092885
40.90_-122.90,40.9,-122.9,10,10,20.98341796407253
40.90_-123.00,40.9,-123.0,14,14,45.01096899224761
40.90_-123.10,40.9,-123.1,8,8,36.64961659333781
40.90_-123.20,40.9,-123.2,5,5,36.44628481345226
41.00_-122.50,41.0,-122.5,1,1,17.618936344969022
41.00_-122.60,41.0,-122.6,4,4,15.91885813148784
41.00_-122.70,41.0,-122.7,7,7,16.15616931304312
41.00_-122.80,41.0,-122.8,25,25,18.751966298834148
41.00_-122.90,41.0,-122.9,20,19,21.34776328462555
41.00_-123.00,41.0,-123.0,16,16,24.64532696546645
41.00_-123.10,41.0,-123.1,18,18,41.29665920168634
41.00_-123.20,41.0,-123.2,15,15,25.409221556888767
41.00_-123.40,41.0,-123.4,1,1,31.147882249564425
41.10_-122.80,41.1,-122.8,12,12,18.633709513195193
41.10_-122.90,41.1,-122.9,13,13,21.2295064989866
41.10_-123.00,41.1,-123.0,21,20,19.280436718616258
41.10_-123.10,41.1,-123.1,19,19,31.81127795526946
41.10_-123.20,41.1,-123.2,20,20,34.8203805668022
41.20_-122.60,41.2,-122.6,2,2,12.321305822498784
41.20_-122.70,41.2,-122.7,1,1,16.643174180348737
41.20_-122.80,41.2,-122.8,10,10,18.918021999169447
41.20_-122.90,41.2,-122.9,15,15,21.192869817990484
41.20_-123.00,41.2,-123.0,26,26,21.015237198150466
41.20_-123.10,41.2,-123.1,12,12,23.18416649059838
41.20_-123.20,41.2,-123.2,11,11,37.535041037861056
41.20_-123.30,41.2,-123.3,4,4,32.28819631901796
41.20_-123.40,41.2,-123.4,3,3,22.684204819275116
41.30_-122.80,41.3,-122.8,3,3,19.34791109060141
41.30_-122.90,41.3,-122.9,6,6,20.52290707587391
41.30_-123.00,41.3,-123.0,12,12,26.33548135484583
41.30_-123.10,41.3,-123.1,16,16,34.95890998783598
41.30_-123.20,41.3,-123.2,13,13,38.12499999999984
41.30_-123.30,41.3,-123.3,6,6,29.073701741106362
41.40_-122.70,41.4,-122.7,1,1,18.51700649878147
41.40_-122.80,41.4,-122.8,6,6,16.976274509804036
41.40_-122.90,41.4,-122.9,4,4,20.064127577733522
41.40_-123.00,41.4,-123.0,18,18,28.132406569112945
41.40_-123.10,41.4,-123.1,21,21,35.82711127487096
41.40_-123.20,41.4,-123.2,18,18,35.31473278933449
41.40_-123.30,41.4,-123.3,10,10,35.9475860585195
41.40_-123.40,41.4,-123.4,4,4,32.06476906318535
41.40_-123.50,41.4,-123.5,1,1,24.770335999999084
41.40_-123.60,41.4,-123.6,1,1,29.70105999999899
41.50_-122.80,41.5,-122.8,2,2,18.11069814147731
41.50_-122.90,41.5,-122.9,1,1,20.25436677545086
41.50_-123.00,41.5,-123.0,14,14,27.94907148120887
41.50_-123.10,41.5,-123.1,9,9,32.47885185610842
41.50_-123.20,41.5,-123.2,13,13,31.640672336512957
41.50_-123.30,41.5,-123.3,8,8,35.704970829114636
41.50_-123.40,41.5,-123.4,7,7,39.751385241123124
41.60_-122.70,41.6,-122.7,1,1,17.21752103544984
41.60_-122.80,41.6,-122.8,8,8,18.47055978832618
41.60_-122.90,41.6,-122.9,6,6,20.071031687546785
41.60_-123.00,41.6,-123.0,10,10,27.765736393304795
41.60_-123.10,41.6,-123.1,6,6,28.804791403286874
41.60_-123.20,41.6,-123.2,15,15,31.386852802309726
41.60_-123.30,41.6,-123.3,13,13,35.486640285894644
41.60_-123.40,41.6,-123.4,11,11,39.57897623476531
41.60_-123.50,41.6,-123.5,2,2,40.47399882425268
41.70_-122.80,41.7,-122.8,4,4,18.830421435175047
41.70_-122.90,41.7,-122.9,1,1,19.887696599642716
41.70_-123.00,41.7,-123.0,2,2,25.96891047006068
41.70_-123.10,41.7,-123.1,3,3,27.068734775504232
41.70_-123.20,41.7,-123.2,7,7,31.168522259089734
41.70_-123.30,41.7,-123.3,11,11,35.26830974267465
41.70_-123.40,41.7,-123.4,5,5,39.368097226260154
41.70_-123.50,41.7,-123.5,1,1,41.80318942896113
41.80_-123.00,41.8,-123.0,3,3,22.750616748699336
41.80_-123.10,41.8,-123.1,4,4,26.850404232284255
41.80_-123.20,41.8,-123.2,8,8,30.950191715869757
41.80_-123.30,41.8,-123.3,11,11,35.049979199454675
41.80_-123.40,41.8,-123.4,16,15,39.14976668304018
41.80_-123.50,41.8,-123.5,4,4,43.24955416662509
41.80_-123.60,41.8,-123.6,1,1,41.836462324634276
41.90_-123.00,41.9,-123.0,1,1,22.532286205479345
41.90_-123.10,41.9,-123.1,1,1,26.632073689064267
41.90_-123.20,41.9,-123.2,4,4,30.942232159536964
41.90_-123.30,41.9,-123.3,4,4,35.410637726508526
41.90_-123.40,41.9,-123.4,3,3,39.87904329348072
42.00_-123.10,42.0,-123.1,2,2,27.62002965626735
42.00_-123.20,42.0,-123.2,14,13,32.08843522323955
42.00_-123.30,42.0,-123.3,14,13,36.556840790211105
42.00_-123.40,42.0,-123.4,9,8,41.0252463571833
42.00_-123.50,42.0,-123.5,3,2,45.49365192415486
42.00_-123.60,42.0,-123.6,4,4,43.02147859678442
42.00_-123.80,42.0,-123.8,1,1,37.539326492338375
42.10_-123.10,42.1,-123.1,2,2,27.313923233783036
42.10_-123.20,42.1,-123.2,10,9,33.890261427717746
42.10_-123.30,42.1,-123.3,18,17,37.703043853913684
42.10_-123.40,42.1,-123.4,13,13,42.17144942088588
42.10_-123.50,42.1,-123.5,4,4,46.63985498785744
42.10_-123.60,42.1,-123.6,7,7,44.87448339945722
42.10_-123.70,42.1,-123.7,3,2,40.83984986427213
42.10_-123.80,42.1,-123.8,3,2,37.26663921676682
42.20_-123.10,42.2,-123.1,1,1,28.507087452569355
42.20_-123.20,42.2,-123.2,11,10,33.29856160140437
42.20_-123.30,42.2,-123.3,22,20,38.090035750238705
42.20_-123.40,42.2,-123.4,15,15,42.88150989907372
42.20_-123.50,42.2,-123.5,8,7,47.67298404790805
42.20_-123.60,42.2,-123.6,7,6,45.49287324476877
42.20_-123.70,42.2,-123.7,1,1,39.558832082873856
42.20_-123.80,42.2,-123.8,4,3,33.62479092097978
42.20_-124.00,42.2,-124.0,1,1,34.28290609766433
42.30_-123.10,42.3,-123.1,1,1,29.700251671355588
42.30_-123.20,42.3,-123.2,11,11,34.410093848867355
42.30_-123.30,42.3,-123.3,17,17,37.48448170434526
42.30_-123.40,42.3,-123.4,8,8,40.558869559823584
42.30_-123.50,42.3,-123.5,2,2,43.63325741530148
42.30_-123.60,42.3,-123.6,4,3,45.67304377971489
42.30_-123.80,42.3,-123.8,3,3,24.51877888730324
42.40_-123.00,42.4,-123.0,2,2,23.620611302629506
42.40_-123.10,42.4,-123.1,2,2,26.6949991581074
42.40_-123.20,42.4,-123.2,12,11,29.769387013585735
42.40_-123.30,42.4,-123.3,17,16,32.84377486906362
42.40_-123.40,42.4,-123.4,21,20,35.91816272454196
42.40_-123.50,42.4,-123.5,12,11,38.99255058001985
42.40_-123.60,42.4,-123.6,15,15,40.998618264659285
42.40_-123.70,42.4,-123.7,5,5,42.5331864104597
42.40_-123.80,42.4,-123.8,9,8,35.95906419400866
42.40_-123.90,42.4,-123.9,1,1,22.271703281025864
42.40_-124.00,42.4,-124.0,1,1,20.31606097806737
42.50_-123.20,42.5,-123.2,6,5,25.128680178304098
42.50_-123.30,42.5,-123.3,14,14,28.20306803378199
42.50_-123.40,42.5,-123.4,20,18,31.277455889260324
42.50_-123.50,42.5,-123.5,17,16,34.35184374473822
42.50_-123.60,42.5,-123.6,18,17,36.32419274960368
42.50_-123.70,42.5,-123.7,5,5,37.858760895404096
42.50_-123.80,42.5,-123.8,5,4,39.3933290412043
42.50_-123.90,42.5,-123.9,1,1,33.71198858773128
42.50_-124.00,42.5,-124.0,1,1,34.87264342122174
42.60_-123.20,42.6,-123.2,5,5,24.44521013457654
42.60_-123.30,42.6,-123.3,16,15,26.006259859263324
42.60_-123.40,42.6,-123.4,21,20,27.567309583950326
42.60_-123.50,42.6,-123.5,15,15,29.71113690945659
42.60_-123.60,42.6,-123.6,14,13,31.40604642313491
42.60_-123.70,42.6,-123.7,1,1,31.403636478944176
42.60_-123.80,42.6,-123.8,1,1,31.401226534753444
42.70_-123.20,42.7,-123.2,2,2,28.679462524981567
42.70_-123.30,42.7,-123.3,2,2,30.24051224966835
42.70_-123.40,42.7,-123.4,9,8,31.80156197435535
42.70_-123.50,42.7,-123.5,5,4,31.41017287353559
42.70_-123.60,42.7,-123.6,7,7,29.164571561868286
42.80_-123.20,42.8,-123.2,6,6,32.913714915386294
42.80_-123.30,42.8,-123.3,9,8,34.47476464007307
42.80_-123.40,42.8,-123.4,13,12,35.40088856539077
42.80_-123.50,42.8,-123.5,15,14,32.00158048250901
42.80_-123.60,42.8,-123.6,9,8,29.412960275085158
42.80_-123.70,42.8,-123.7,3,3,27.98526514955154
42.80_-123.80,42.8,-123.8,3,3,26.557570024018116
42.90_-123.20,42.9,-123.2,4,4,37.14796730579131
42.90_-123.30,42.9,-123.3,3,3,38.709017030478094
42.90_-123.40,42.9,-123.4,7,7,35.992296174364235
42.90_-123.50,42.9,-123.5,4,4,32.59298809148248
42.90_-123.60,42.9,-123.6,7,7,29.66134898830206
42.90_-123.70,42.9,-123.7,4,4,28.23365386276843
42.90_-123.80,42.9,-123.8,2,2,26.974140958158628
43.00_-123.20,43.0,-123.2,6,6,41.382219696196344
43.00_-123.30,43.0,-123.3,4,4,39.98301186621995
43.00_-123.40,43.0,-123.4,9,9,36.5837037833377
43.00_-123.50,43.0,-123.5,9,8,33.18439570045594
43.00_-123.60,43.0,-123.6,10,9,29.909737701518956
43.00_-123.70,43.0,-123.7,7,7,28.482042575985332
43.00_-123.80,43.0,-123.8,6,6,27.681173997085697
43.00_-124.00,43.0,-124.0,1,1,27.1834430071074
43.10_-123.20,43.1,-123.2,2,2,43.97372755807516
43.10_-123.30,43.1,-123.3,3,3,40.5744194751934
43.10_-123.40,43.1,-123.4,12,12,37.175111392311166
43.10_-123.50,43.1,-123.5,9,9,33.775803309429406
43.10_-123.60,43.1,-123.6,9,9,30.376495226547647
43.10_-123.70,43.1,-123.7,1,1,28.730431289202222
43.10_-123.80,43.1,-123.8,3,3,28.388207036012762
43.10_-123.90,43.1,-123.9,2,2,28.139341541023597
43.20_-123.30,43.2,-123.3,3,3,41.16582708416687
43.20_-123.40,43.2,-123.4,9,9,37.766519001284635
43.20_-123.50,43.2,-123.5,7,7,34.367210918402876
43.20_-123.60,43.2,-123.6,9,9,30.967902835521112
43.20_-123.70,43.2,-123.7,5,5,29.34410556992896
43.20_-123.80,43.2,-123.8,6,6,29.09524007493983
43.30_-123.30,43.3,-123.3,1,1,41.75723469314029
43.30_-123.40,43.3,-123.4,1,1,38.35792661025805
43.30_-123.50,43.3,-123.5,2,2,34.95861852737629
43.30_-123.60,43.3,-123.6,4,4,30.792334273654316
43.30_-123.70,43.3,-123.7,3,3,30.144221179631558
43.30_-123.80,43.3,-123.8,4,4,30.181880549307436
43.40_-123.20,43.4,-123.2,2,2,45.74795038499552
43.40_-123.30,43.4,-123.3,4,4,41.881266198007864
43.40_-123.40,43.4,-123.4,7,7,36.503204185994846
43.40_-123.50,43.4,-123.5,3,3,31.125142173982596
43.40_-123.60,43.4,-123.6,10,10,28.79703055056498
43.40_-123.70,43.4,-123.7,3,3,30.674931133865336
43.40_-123.80,43.4,-123.8,8,7,30.617602519031706
43.40_-123.90,43.4,-123.9,3,3,30.655261888707592
43.40_-124.00,43.4,-124.0,1,1,30.69292125838347
43.50_-123.20,43.5,-123.2,1,1,42.21407409833614
43.50_-123.30,43.5,-123.3,4,4,36.83601208632389
43.50_-123.40,43.5,-123.4,5,4,31.457950074310872
43.50_-123.50,43.5,-123.5,7,6,26.07988806229862
43.50_-123.60,43.5,-123.6,9,8,28.83319396333509
43.50_-123.70,43.5,-123.7,4,4,31.276782047011462
43.50_-123.80,43.5,-123.8,6,6,31.11502266572046
43.60_-123.20,43.6,-123.2,1,1,37.16881998665217
43.60_-123.30,43.6,-123.3,5,5,31.79075797463992
43.60_-123.40,43.6,-123.4,6,6,26.4126959626269
43.60_-123.50,43.6,-123.5,9,8,25.822385137616518
43.60_-123.60,43.6,-123.6,12,11,28.869357376105206
43.60_-123.70,43.6,-123.7,2,2,31.87863296015758
43.60_-123.80,43.6,-123.8,1,1,31.71687357886658
43.70_-123.30,43.7,-123.3,1,1,30.422650592699135
43.70_-123.40,43.7,-123.4,4,4,23.334998078067006
43.70_-123.50,43.7,-123.5,4,4,25.858548550386633
43.70_-123.60,43.7,-123.6,5,5,28.905520788875315
43.70_-123.70,43.7,-123.7,2,2,31.952493027364437
43.80_-123.20,43.8,-123.2,1,1,36.45748716645146
43.80_-123.30,43.8,-123.3,2,2,29.369834651820334
43.80_-123.40,43.8,-123.4,6,6,22.282182137188208
43.80_-123.50,43.8,-123.5,8,7,24.63162031688411
43.80_-123.60,43.8,-123.6,8,8,28.941684201645426
43.80_-123.70,43.8,-123.7,2,2,31.988656440134545
43.80_-123.80,43.8,-123.8,1,1,32.920575405158786
43.80_-124.00,43.8,-124.0,1,1,32.59705664257676
43.90_-123.20,43.9,-123.2,2,2,29.39717980290971
43.90_-123.30,43.9,-123.3,4,3,26.62724643829229
43.90_-123.40,43.9,-123.4,1,1,21.229366196309336
43.90_-123.50,43.9,-123.5,1,1,22.86115489354691
43.90_-123.60,43.9,-123.6,2,2,27.415371761016416
43.90_-123.70,43.9,-123.7,2,2,31.96958862848658
44.00_-123.10,44.0,-123.1,2,2,22.950662674801
44.00_-123.20,44.0,-123.2,4,4,20.18072931018318
44.00_-123.30,44.0,-123.3,7,6,17.6369333410517
44.00_-123.40,44.0,-123.4,3,3,20.271773267327582
44.00_-123.50,44.0,-123.5,3,3,23.297262217408935
44.00_-123.60,44.0,-123.6,7,6,27.851479084878445
44.00_-123.70,44.0,-123.7,2,2,32.4056959523486
44.00_-123.80,44.0,-123.8,2,2,33.11727689784209
44.10_-123.30,44.1,-123.3,2,2,20.72884782120387
44.10_-123.40,44.1,-123.4,5,5,28.08351073821263
44.10_-123.50,44.1,-123.5,3,3,25.690141600108284
44.10_-123.60,44.1,-123.6,5,5,30.244358467577797
44.10_-123.70,44.1,-123.7,2,2,33.952120457533866
44.20_-123.30,44.2,-123.3,2,2,26.889000990098285
44.20_-123.40,44.2,-123.4,6,6,33.20842464466823
44.20_-123.50,44.2,-123.5,2,2,28.08302098280764
44.20_-123.60,44.2,-123.6,6,6,32.637237850277145
44.20_-123.80,44.2,-123.8,1,1,31.318363575785533
44.30_-123.30,44.3,-123.3,1,1,33.36737132352709
44.30_-123.40,44.3,-123.4,3,3,38.33333855112346
44.30_-123.50,44.3,-123.5,1,1,33.00336547492308
44.30_-123.60,44.3,-123.6,1,1,34.61675467482776
44.30_-123.70,44.3,-123.7,1,1,32.03296850091336
44.30_-123.80,44.3,-123.8,1,1,30.41890691475731
44.40_-123.40,44.4,-123.4,4,4,35.76291564907007
44.40_-123.50,44.4,-123.5,6,6,35.1053916964119
44.40_-123.60,44.4,-123.6,15,15,34.41392325435098
44.40_-123.70,44.4,-123.7,8,8,30.882352941175743
44.40_-123.80,44.4,-123.8,6,6,28.13858334675463
44.50_-123.20,44.5,-123.2,2,2,37.57430112800387
44.50_-123.30,44.5,-123.3,6,6,39.45665083135437
44.50_-123.40,44.5,-123.4,9,9,30.852026286965366
44.50_-123.50,44.5,-123.5,5,5,27.646312847600882
44.50_-123.60,44.5,-123.6,14,14,27.681610232459697
44.50_-123.70,44.5,-123.7,6,6,22.33262233375139
44.50_-123.80,44.5,-123.8,7,7,19.97117909396764
44.50_-123.90,44.5,-123.9,1,1,19.276348148148266
44.50_-124.00,44.5,-124.0,1,1,32.43504294478582
44.60_-123.30,44.6,-123.3,3,3,34.608871851041044
44.60_-123.40,44.6,-123.4,8,8,25.421577217962305
44.60_-123.50,44.6,-123.5,9,9,23.890939884295904
44.60_-123.60,44.6,-123.6,14,14,31.0102908396141
44.60_-123.70,44.6,-123.7,5,5,23.27274395430802
44.60_-123.80,44.6,-123.8,4,4,22.6401466275662
44.60_-123.90,44.6,-123.9,1,1,18.455062972291508
44.60_-124.00,44.6,-124.0,1,1,27.451992103374305
44.70_-123.20,44.7,-123.2,1,1,55.0
44.70_-123.30,44.7,-123.3,2,2,34.62542137616508
44.70_-123.40,44.7,-123.4,5,5,28.03472382713288
44.70_-123.50,44.7,-123.5,6,6,29.41616947472839
44.70_-123.60,44.7,-123.6,6,6,32.28070881226062
44.70_-123.70,44.7,-123.7,2,2,30.680882577687242
44.80_-123.00,44.8,-123.0,1,1,40.39139171473629
44.80_-123.20,44.8,-123.2,5,5,41.41103969754287
44.80_-123.30,44.8,-123.3,8,8,36.902156253806766
44.80_-123.40,44.8,-123.4,8,8,34.99903623747109
44.80_-123.50,44.8,-123.5,12,12,32.710280373832006
44.80_-123.60,44.8,-123.6,8,8,30.373831775701387
44.80_-123.70,44.8,-123.7,2,2,26.395614035087675
44.90_-123.20,44.9,-123.2,3,3,38.68221178872278
44.90_-123.30,44.9,-123.3,4,4,27.401611333714264
44.90_-123.40,44.9,-123.4,3,3,29.65477831325249
44.90_-123.50,44.9,-123.5,3,3,23.182858804780853
44.90_-123.60,44.9,-123.6,12,12,26.48231314926972
44.90_-123.70,44.9,-123.7,2,2,38.82197764402402
44.90_-123.80,44.9,-123.8,2,2,23.420454545453943
45.00_-123.00,45.0,-123.0,1,1,23.046853412197805
45.00_-123.10,45.0,-123.1,2,2,31.612409739904656
45.00_-123.20,45.0,-123.2,9,9,33.097792091485196
45.00_-123.30,45.0,-123.3,9,9,23.585646537396617
45.00_-123.40,45.0,-123.4,15,15,16.949422923094716
45.00_-123.50,45.0,-123.5,9,9,26.233324806383457
45.00_-123.60,45.0,-123.6,14,14,29.765200383616772
45.00_-123.70,45.0,-123.7,5,5,35.18624100327318
45.00_-123.80,45.0,-123.8,1,1,51.35933634992513
45.10_-123.00,45.1,-123.0,1,1,29.328595041322373
45.10_-123.10,45.1,-123.1,3,3,27.67529374671632
45.10_-123.20,45.1,-123.2,9,9,23.744289239204775
45.10_-123.30,45.1,-123.3,11,11,23.514708617483198
45.10_-123.40,45.1,-123.4,16,16,27.1295862868926
45.10_-123.50,45.1,-123.5,14,14,29.42321304291812
45.10_-123.60,45.1,-123.6,7,7,34.035356113626726
45.20_-123.00,45.2,-123.0,8,8,24.747628793224816
45.20_-123.10,45.2,-123.1,5,5,30.447612894805957
45.20_-123.20,45.2,-123.2,12,12,19.861631108774983
45.20_-123.30,45.2,-123.3,10,10,35.9706667976682
45.20_-123.40,45.2,-123.4,14,14,28.249449326852037
45.20_-123.50,45.2,-123.5,8,8,45.40442840572306
45.20_-123.60,45.2,-123.6,6,6,49.573529115777276
45.20_-123.80,45.2,-123.8,1,1,38.88943436988558
45.30_-122.90,45.3,-122.9,1,1,23.746288968824686
45.30_-123.00,45.3,-123.0,6,6,19.006840527578053
45.30_-123.10,45.3,-123.1,2,2,25.10378996692274
45.30_-123.20,45.3,-123.2,16,16,24.51778634654078
45.30_-123.30,45.3,-123.3,8,8,19.33356405598886
45.30_-123.40,45.3,-123.4,9,9,21.830390640025815
45.30_-123.50,45.3,-123.5,4,4,37.78334905660499
45.30_-123.60,45.3,-123.6,5,5,45.09965869106306
45.30_-123.70,45.3,-123.7,2,2,37.383214872155676
45.40_-122.90,45.4,-122.9,4,4,19.59505542264706
45.40_-123.00,45.4,-123.0,14,14,20.89029788792576
45.40_-123.10,45.4,-123.1,9,9,19.89802921719904
45.40_-123.20,45.4,-123.2,13,13,33.265025433308224
45.40_-123.30,45.4,-123.3,14,14,19.94687744417128
45.40_-123.40,45.4,-123.4,13,13,17.71823734885958
45.40_-123.50,45.4,-123.5,8,8,33.19923713235235
45.40_-123.60,45.4,-123.6,9,9,39.499739104654765
45.40_-123.70,45.4,-123.7,1,1,32.000327234341825
45.40_-124.00,45.4,-124.0,1,1,24.198867509789075
45.50_-122.80,45.5,-122.8,1,1,16.331327800826635
45.50_-123.00,45.5,-123.0,2,2,34.057984330484395
45.50_-123.10,45.5,-123.1,1,1,19.551706495097754
45.50_-123.20,45.5,-123.2,12,12,31.294669421487487
45.50_-123.30,45.5,-123.3,11,11,27.404867532467886
45.50_-123.40,45.5,-123.4,13,13,41.79714435848992
45.50_-123.50,45.5,-123.5,3,3,43.507808619465365
45.50_-123.60,45.5,-123.6,4,4,33.527257797862816
45.60_-123.00,45.6,-123.0,6,6,47.97574965229558
45.60_-123.10,45.6,-123.1,1,1,43.455237438727416
45.60_-123.20,45.6,-123.2,16,16,24.93268075980494
45.60_-123.30,45.6,-123.3,12,12,28.67688206337029
45.60_-123.40,45.6,-123.4,18,18,38.94795346728243
45.60_-123.50,45.6,-123.5,3,3,38.82608472649787
45.70_-123.10,45.7,-123.1,5,5,41.50525684788811
45.70_-123.20,45.7,-123.2,6,6,31.287650336773492
45.70_-123.30,45.7,-123.3,8,8,17.33749358663085
45.70_-123.40,45.7,-123.4,12,12,32.37241448692112
45.70_-123.50,45.7,-123.5,3,3,29.650080482897124
45.80_-122.80,45.8,-122.8,1,1,12.797644032921514
45.80_-123.00,45.8,-123.0,6,6,17.654577777777945
45.80_-123.10,45.8,-123.1,6,6,33.69362108419569
45.80_-123.20,45.8,-123.2,20,20,33.986805204581835
45.80_-123.30,45.8,-123.3,17,17,26.653609420481086
45.80_-123.40,45.8,-123.4,6,6,16.177581699344913
45.80_-123.50,45.8,-123.5,1,1,22.807753856041153
45.90_-122.90,45.9,-122.9,1,1,26.557865429234347
45.90_-123.00,45.9,-123.0,5,5,22.90428680981543
45.90_-123.10,45.9,-123.1,3,3,17.084021714285953
45.90_-123.20,45.9,-123.2,20,20,33.54831388784483
45.90_-123.30,45.9,-123.3,10,10,42.902768306051776
45.90_-123.40,45.9,-123.4,9,9,23.44002124734223
45.90_-123.50,45.9,-123.5,1,1,17.137396226415202
45.90_-123.60,45.9,-123.6,1,1,18.207034540858782
46.00_-122.80,46.0,-122.8,1,1,18.861606463878143
46.00_-123.00,46.0,-123.0,7,7,23.552466117459495
46.00_-123.10,46.0,-123.1,3,3,15.602328499721066
46.00_-123.20,46.0,-123.2,20,20,25.198751892116043
46.00_-123.30,46.0,-123.3,9,9,47.47506949222549
46.00_-123.40,46.0,-123.4,4,4,38.24397566193984
46.00_-123.50,46.0,-123.5,1,1,17.149957990758082
46.00_-123.60,46.0,-123.6,1,1,21.23737563879486
46.10_-122.90,46.1,-122.9,2,2,15.759356557377295
46.10_-123.00,46.1,-123.0,6,6,22.481479374111384
46.10_-123.10,46.1,-123.1,4,4,15.525734337237196
46.10_-123.20,46.1,-123.2,11,11,21.29549649532715
46.10_-123.30,46.1,-123.3,4,4,26.57355957211229
46.10_-123.40,46.1,-123.4,1,1,38.507281358651596
46.10_-123.50,46.1,-123.5,1,1,16.789158614895165
46.20_-122.80,46.2,-122.8,1,1,17.839590909091516
46.20_-122.90,46.2,-122.9,3,3,22.474956669498763
46.20_-123.00,46.2,-123.0,11,11,30.178458715604542
46.20_-123.10,46.2,-123.1,6,6,18.30728969279426
46.20_-123.20,46.2,-123.2,10,10,25.919097744360997
46.20_-123.30,46.2,-123.3,3,3,25.89759506680401
46.20_-123.40,46.2,-123.4,3,3,18.031603773584354
46.20_-123.50,46.2,-123.5,1,1,18.244132914531306
46.30_-123.00,46.3,-123.0,7,7,32.25618986621071
46.30_-123.10,46.3,-123.1,4,4,18.667416034669415
46.30_-123.20,46.3,-123.2,10,10,15.979202017887378
46.30_-123.30,46.3,-123.3,5,5,23.379707813839033
46.30_-123.60,46.3,-123.6,1,1,26.26661596958161
46.40_-122.70,46.4,-122.7,1,1,48.70609273594451
46.40_-122.80,46.4,-122.8,2,2,28.900009650174194
46.40_-122.90,46.4,-122.9,3,3,20.828820850350994
46.40_-123.00,46.4,-123.0,6,6,19.738173537448848
46.40_-123.10,46.4,-123.1,9,9,51.19497975708504
46.40_-123.20,46.4,-123.2,23,23,25.010931404210815
46.40_-123.30,46.4,-123.3,12,12,21.821261458545255
46.40_-123.40,46.4,-123.4,4,4,31.980231607629754
46.50_-122.60,46.5,-122.6,3,3,18.604273504274875
46.50_-122.70,46.5,-122.7,5,5,19.887333333333707
46.50_-122.80,46.5,-122.8,14,14,23.85639799232359
46.50_-122.90,46.5,-122.9,4,4,36.429601293102934
46.50_-123.00,46.5,-123.0,9,9,37.37020800000017
46.50_-123.10,46.5,-123.1,11,11,50.302987275297795
46.50_-123.20,46.5,-123.2,20,20,40.38916965438029
46.50_-123.30,46.5,-123.3,6,6,25.618638826484386
46.50_-123.40,46.5,-123.4,1,1,17.44640391014983
46.60_-122.60,46.6,-122.6,2,2,19.815789106142624
46.60_-122.70,46.6,-122.7,7,7,34.94000000000112
46.60_-122.80,46.6,-122.8,10,10,47.84658554044195
46.60_-122.90,46.6,-122.9,2,2,48.514475381469154
46.60_-123.00,46.6,-123.0,13,13,50.800635616438385
46.60_-123.10,46.6,-123.1,8,8,44.480581234644475
46.60_-123.20,46.6,-123.2,12,12,33.16629801396701
46.60_-123.30,46.6,-123.3,2,2,22.60491652116925
46.60_-123.40,46.6,-123.4,1,1,25.4227818448037
46.70_-122.60,46.7,-122.6,6,6,44.2228159236331
46.70_-122.70,46.7,-122.7,3,3,31.083864000001462
46.70_-122.80,46.7,-122.8,6,6,34.21080852038361
46.70_-122.90,46.7,-122.9,2,2,42.23209718669902
46.70_-123.00,46.7,-123.0,12,12,46.39002459865356
46.70_-123.10,46.7,-123.1,4,4,39.489273085039954
46.70_-123.20,46.7,-123.2,6,6,29.289934694575567
46.70_-123.30,46.7,-123.3,1,1,19.090596304112626
46.70_-123.50,46.7,-123.5,1,1,26.108676099747925
46.80_-122.40,46.8,-122.4,1,1,14.134398782345304
46.80_-122.50,46.8,-122.5,1,1,29.173987823437912
46.80_-122.60,46.8,-122.6,14,14,14.027554844606355
46.80_-122.70,46.8,-122.7,12,12,15.455079474098103
46.80_-122.80,46.8,-122.8,31,31,33.95071428571258
46.80_-122.90,46.8,-122.9,9,9,24.628227666567504
46.80_-123.00,46.8,-123.0,25,25,32.07470870015601
46.80_-123.10,46.8,-123.1,13,13,34.49403553299513
46.80_-123.20,46.8,-123.2,18,18,25.798426655411475
46.80_-123.30,46.8,-123.3,2,2,22.36587809318806
46.90_-122.30,46.9,-122.3,1,1,17.26661674608576
46.90_-122.50,46.9,-122.5,1,1,23.113286318758817
46.90_-122.60,46.9,-122.6,10,10,50.252417316013286
46.90_-122.70,46.9,-122.7,9,9,37.66243502165672
46.90_-122.80,46.9,-122.8,27,27,41.13710275927735
46.90_-122.90,46.9,-122.9,10,10,46.033564618421586
46.90_-123.00,46.9,-123.0,21,21,42.86255138322753
46.90_-123.10,46.9,-123.1,1,1,38.487888924975515
46.90_-123.20,46.9,-123.2,7,7,36.336693397110785
46.90_-123.30,46.9,-123.3,1,1,37.81111510791368
46.90_-123.40,46.9,-123.4,1,1,23.388559519297182
47.00_-122.40,47.0,-122.4,2,2,40.00437668161398
47.00_-122.50,47.0,-122.5,2,2,45.80318225190832
47.00_-122.60,47.0,-122.6,18,18,48.3429667896676
47.00_-122.70,47.0,-122.7,22,22,45.28594329446956
47.00_-122.80,47.0,-122.8,36,36,45.81027602917669
47.00_-122.90,47.0,-122.9,10,10,44.856691844183175
47.00_-123.00,47.0,-123.0,25,25,40.21059829059854
47.00_-123.10,47.0,-123.1,11,11,43.950571475266905
47.00_-123.20,47.0,-123.2,23,23,36.742334505426626
47.00_-123.40,47.0,-123.4,1,1,27.176556095151074
47.10_-122.50,47.1,-122.5,1,1,35.63535455861133
47.10_-122.60,47.1,-122.6,12,12,26.485929352396248
47.10_-122.70,47.1,-122.7,6,6,41.95534159292305
47.10_-122.80,47.1,-122.8,25,25,54.79642097581255
47.10_-122.90,47.1,-122.9,7,7,43.68368986454944
47.10_-123.00,47.1,-123.0,25,25,42.18043992773276
47.10_-123.10,47.1,-123.1,14,14,46.16339304812721
47.10_-123.20,47.1,-123.2,20,20,41.585220588235046
47.10_-123.30,47.1,-123.3,1,1,41.10023903380053
47.10_-123.40,47.1,-123.4,1,1,41.86575144508817
47.20_-122.50,47.2,-122.5,3,3,52.4860464529157
47.20_-122.60,47.2,-122.6,9,9,45.98735191638072
47.20_-122.70,47.2,-122.7,11,11,49.99354210526231
47.20_-122.80,47.2,-122.8,20,20,23.250293020040736
47.20_-122.90,47.2,-122.9,13,13,36.199871543265125
47.20_-123.00,47.2,-123.0,27,27,39.54862548512297
47.20_-123.10,47.2,-123.1,19,19,22.52784984025749
47.20_-123.20,47.2,-123.2,15,15,40.13419289110537
47.20_-123.30,47.2,-123.3,4,4,41.3100067556158
47.30_-122.40,47.3,-122.4,1,1,23.413225806463437
47.30_-122.50,47.3,-122.5,3,3,54.926650717703666
47.30_-122.60,47.3,-122.6,16,16,47.990360794906806
47.30_-122.70,47.3,-122.7,6,6,36.29731773177456
47.30_-122.80,47.3,-122.8,13,13,20.032000000000714
47.30_-122.90,47.3,-122.9,10,10,25.36996563575164
47.30_-123.00,47.3,-123.0,16,16,41.700865507338534
47.30_-123.10,47.3,-123.1,11,11,46.13799264029449
47.30_-123.20,47.3,-123.2,13,13,43.52212765957381
47.30_-123.30,47.3,-123.3,2,2,37.34641146077776
47.40_-122.40,47.4,-122.4,4,4,15.529652844744803
47.40_-122.50,47.4,-122.5,6,6,32.61699402787187
47.40_-122.60,47.4,-122.6,12,12,39.20827981652039
47.40_-122.70,47.4,-122.7,13,13,20.823892617445715
47.40_-122.80,47.4,-122.8,32,31,31.149921337268847
47.40_-122.90,47.4,-122.9,25,25,40.003353001190014
47.40_-123.00,47.4,-123.0,37,37,32.11875326484545
47.40_-123.10,47.4,-123.1,20,19,46.27299342105268
47.40_-123.20,47.4,-123.2,19,19,45.59761170547516
47.40_-123.30,47.4,-123.3,6,6,35.0
47.40_-123.50,47.4,-123.5,1,1,36.552191145916666
47.50_-122.20,47.5,-122.2,1,1,36.79143089430837
47.50_-122.30,47.5,-122.3,1,1,19.72714285713606
47.50_-122.60,47.5,-122.6,3,3,16.869373297008735
47.50_-122.70,47.5,-122.7,8,8,23.864155495977652
47.50_-122.80,47.5,-122.8,25,25,19.838096385543402
47.50_-122.90,47.5,-122.9,14,14,17.207140410958054
47.50_-123.00,47.5,-123.0,29,29,16.519036963434107
47.50_-123.10,47.5,-123.1,11,11,35.05447871684395
47.50_-123.20,47.5,-123.2,17,17,31.663921175685942
47.50_-123.30,47.5,-123.3,10,10,43.6479550664829
47.50_-123.40,47.5,-123.4,2,2,41.005216926692995
47.60_-122.60,47.6,-122.6,11,11,18.561044776124056
47.60_-122.70,47.6,-122.7,10,10,19.357777777781166
47.60_-122.80,47.6,-122.8,30,30,19.953556485357616
47.60_-122.90,47.6,-122.9,15,15,16.357041373239166
47.60_-123.00,47.6,-123.0,31,30,41.90750458715691
47.60_-123.10,47.6,-123.1,14,14,43.4866265060241
47.60_-123.20,47.6,-123.2,23,22,44.71679852805886
47.60_-123.30,47.6,-123.3,10,9,45.42284444444512
47.60_-123.40,47.6,-123.4,6,6,39.54500240170162
47.70_-122.60,47.7,-122.6,12,12,21.228999999994798
47.70_-122.70,47.7,-122.7,12,12,21.993158866995905
47.70_-122.80,47.7,-122.8,23,23,21.59137704918021
47.70_-122.90,47.7,-122.9,12,12,47.85953145336213
47.70_-123.00,47.7,-123.0,13,13,47.529525120440844
47.70_-123.10,47.7,-123.1,10,10,46.32504816955687
47.70_-123.20,47.7,-123.2,14,14,43.718545911950535
47.70_-123.30,47.7,-123.3,11,11,43.91488372093025
47.70_-123.40,47.7,-123.4,6,6,38.06942380952344
47.80_-122.60,47.8,-122.6,9,9,23.351732394363733
47.80_-122.70,47.8,-122.7,7,7,27.829762033532543
47.80_-122.80,47.8,-122.8,21,21,19.66575129533397
47.80_-122.90,47.8,-122.9,15,15,47.127973199330754
47.80_-123.00,47.8,-123.0,36,35,47.67298284862035
47.80_-123.10,47.8,-123.1,28,27,43.58371959942805
47.80_-123.20,47.8,-123.2,36,33,30.745879535559357
47.80_-123.30,47.8,-123.3,25,25,41.16937941016791
47.80_-123.40,47.8,-123.4,15,13,39.95886792452617
47.80_-123.50,47.8,-123.5,4,4,35.38814375694685
47.80_-123.60,47.8,-123.6,1,1,36.78416993930765
47.90_-122.70,47.9,-122.7,1,1,24.959685668620473
47.90_-122.80,47.9,-122.8,8,8,32.22087999999327
47.90_-122.90,47.9,-122.9,1,1,31.71799435027134
47.90_-123.00,47.9,-123.0,23,19,49.17566647093365
47.90_-123.10,47.9,-123.1,13,10,45.21694029850721
47.90_-123.20,47.9,-123.2,21,19,41.00106004280738
47.90_-123.30,47.9,-123.3,10,8,42.97278468899486
47.90_-123.40,47.9,-123.4,8,8,43.56994161052285
47.90_-123.50,47.9,-123.5,2,2,37.73325557283568
47.90_-123.60,47.9,-123.6,4,2,36.793132578819936
48.00_-122.80,48.0,-122.8,12,12,43.99772455088497
48.00_-122.90,48.0,-122.9,16,16,27.402975039354526
48.00_-123.00,48.0,-123.0,31,27,49.470407434943915
48.00_-123.10,48.0,-123.1,13,13,47.075991229673114
48.00_-123.20,48.0,-123.2,28,27,41.16041666666483
48.00_-123.30,48.0,-123.3,23,21,44.22684642438532
48.00_-123.40,48.0,-123.4,19,17,40.19920273348565
48.00_-123.50,48.0,-123.5,12,12,49.13238149926924
48.00_-123.60,48.0,-123.6,17,14,39.36941811287808
48.10_-122.80,48.1,-122.8,6,6,39.212424242424184
48.10_-122.90,48.1,-122.9,11,11,25.3
48.10_-123.00,48.1,-123.0,22,20,40.67600000000015
48.10_-123.10,48.1,-123.1,7,6,45.649122807016745
48.10_-123.20,48.1,-123.2,16,12,45.111842105264145
48.10_-123.30,48.1,-123.3,15,14,43.32947368421024
48.10_-123.40,48.1,-123.4,18,16,37.146666666667
48.10_-123.50,48.1,-123.5,8,7,36.39166666666675
48.10_-123.60,48.1,-123.6,13,9,39.68133780564909
48.10_-123.70,48.1,-123.7,5,5,38.79651656754416
48.10_-123.80,48.1,-123.8,2,2,35.683406113537075
48.20_-122.80,48.2,-122.8,2,2,21.370967741934262
48.20_-122.90,48.2,-122.9,12,12,26.66639344261427
48.20_-123.00,48.2,-123.0,23,23,22.43167358229925
48.20_-123.10,48.2,-123.1,20,18,21.080000000000027
48.20_-123.20,48.2,-123.2,17,16,23.439024390244185
48.20_-123.30,48.2,-123.3,12,10,29.450000000000223
48.20_-123.40,48.2,-123.4,22,18,33.368421052638155
48.20_-123.50,48.2,-123.5,17,12,48.40856353590989
48.20_-123.60,48.2,-123.6,26,21,34.00282738095267
48.20_-123.70,48.2,-123.7,20,16,34.257372201098484
48.20_-123.80,48.2,-123.8,17,13,31.341787033926543
48.30_-122.80,48.3,-122.8,12,10,29.666666666664856
48.30_-122.90,48.3,-122.9,4,4,22.8
48.30_-123.00,48.3,-123.0,13,11,25.933333333330978
48.30_-123.10,48.3,-123.1,5,4,31.06931603773649
48.30_-123.20,48.3,-123.2,14,14,33.20000000001773
48.30_-123.30,48.3,-123.3,4,4,36.57879545454831
48.30_-123.40,48.3,-123.4,19,17,25.923728813558743
48.30_-123.50,48.3,-123.5,8,8,23.41068965517073
48.30_-123.60,48.3,-123.6,18,13,31.353385868840427
48.30_-123.70,48.3,-123.7,13,11,34.56440886699513
48.30_-123.80,48.3,-123.8,19,16,31.270047680971224
48.30_-123.90,48.3,-123.9,3,3,39.53094764744955
48.30_-124.00,48.3,-124.0,1,1,35.786515876467895
48.40_-122.80,48.4,-122.8,25,23,53.98461538461337
48.40_-122.90,48.4,-122.9,11,9,40.594782608698615
48.40_-123.00,48.4,-123.0,12,11,48.6909090909061
48.40_-123.10,48.4,-123.1,11,11,35.8499999999935
48.40_-123.20,48.4,-123.2,11,11,45.19740061162111
48.40_-123.30,48.4,-123.3,9,9,18.653846153846896
48.40_-123.40,48.4,-123.4,16,15,19.59090909090807
48.40_-123.50,48.4,-123.5,14,12,39.269999999998284
48.40_-123.60,48.4,-123.6,25,21,20.381322957198833
48.40_-123.70,48.4,-123.7,16,13,16.0
48.40_-123.80,48.4,-123.8,26,20,38.77835051546406
48.40_-123.90,48.4,-123.9,13,9,44.557560975609604
48.40_-124.00,48.4,-124.0,12,10,49.9
48.40_-124.10,48.4,-124.1,3,3,29.446389496716833
48.40_-124.20,48.4,-124.2,1,1,30.911428571428583
48.50_-122.80,48.5,-122.8,1,1,24.02456140350906
48.50_-123.00,48.5,-123.0,1,1,46.3444444444467
48.50_-123.20,48.5,-123.2,11,11,41.19259259259783
48.50_-123.30,48.5,-123.3,8,8,23.5
48.50_-123.40,48.5,-123.4,5,5,20.8
48.50_-123.50,48.5,-123.5,6,6,20.35
48.50_-123.60,48.5,-123.6,18,16,23.87475728155263
48.50_-123.70,48.5,-123.7,13,10,26.040625000003768
48.50_-123.80,48.5,-123.8,24,19,23.309999999998787
48.50_-123.90,48.5,-123.9,18,15,35.62162162162037
48.50_-124.00,48.5,-124.0,21,17,21.244045676999484
48.50_-124.10,48.5,-124.1,7,5,19.095454545454032
48.50_-124.20,48.5,-124.2,2,2,29.622837370241452
48.60_-123.20,48.6,-123.2,4,4,36.055555555556595
48.60_-123.30,48.6,-123.3,8,8,44.36981132075546
48.60_-123.40,48.6,-123.4,6,6,48.68780487804835
48.60_-123.50,48.6,-123.5,1,1,34.96296296296425
48.60_-123.60,48.6,-123.6,9,9,40.59111111110736
48.60_-123.70,48.6,-123.7,8,6,22.21999999999973
48.60_-123.80,48.6,-123.8,17,13,26.9615671641799
48.60_-123.90,48.6,-123.9,11,11,31.393912063134838
48.60_-124.00,48.6,-124.0,15,14,23.4772653982581
48.60_-124.10,48.6,-124.1,18,15,28.17159090908838
48.60_-124.20,48.6,-124.2,19,14,34.16521739130507
48.60_-124.30,48.6,-124.3,11,8,36.652894211576566
48.60_-124.40,48.6,-124.4,7,5,37.847342995169015
48.70_-123.00,48.7,-123.0,1,1,49.76999999999747
48.70_-123.30,48.7,-123.3,1,1,20.83333333333313
48.70_-123.60,48.7,-123.6,2,2,16.91666666666562
48.70_-123.70,48.7,-123.7,2,2,25.866037735849634
48.70_-123.80,48.7,-123.8,10,10,19.884684684684416
48.70_-123.90,48.7,-123.9,1,1,34.04761904761988
48.70_-124.00,48.7,-124.0,10,10,21.65344827586267
48.70_-124.10,48.7,-124.1,8,7,25.353344768438323
48.70_-124.20,48.7,-124.2,17,14,32.37792207792088
48.70_-124.30,48.7,-124.3,7,7,29.887614678896455
48.70_-124.40,48.7,-124.4,4,2,36.56989942528727
48.70_-124.50,48.7,-124.5,3,1,35.74495068107057
48.70_-124.60,48.7,-124.6,5,2,40.592062043795174
48.70_-124.70,48.7,-124.7,2,2,23.50489130434581
48.70_-124.80,48.7,-124.8,1,1,33.30247933884321
48.80_-123.30,48.8,-123.3,1,1,17.39999999999982
48.80_-123.50,48.8,-123.5,1,1,24.647935779816137
48.80_-123.60,48.8,-123.6,12,12,18.641881298993734
48.80_-123.70,48.8,-123.7,13,11,18.628571428571778
48.80_-123.80,48.8,-123.8,14,14,19.196052631578414
48.80_-123.90,48.8,-123.9,7,7,24.890909090910643
48.80_-124.00,48.8,-124.0,11,9,28.6442622950818
48.80_-124.10,48.8,-124.1,9,7,21.405882352941315
48.80_-124.20,48.8,-124.2,25,18,17.366666666666475
48.80_-124.30,48.8,-124.3,21,15,21.126666666666047
48.80_-124.40,48.8,-124.4,21,15,34.46086393088553
48.80_-124.50,48.8,-124.5,7,4,34.60217391304221
48.80_-124.60,48.8,-124.6,15,9,26.69761904761961
48.80_-124.70,48.8,-124.7,6,4,30.1000000000001
48.80_-124.80,48.8,-124.8,7,3,33.200000000000074
48.90_-123.60,48.9,-123.6,4,4,39.18749999999924
48.90_-123.70,48.9,-123.7,6,5,50.48408450704198
48.90_-123.80,48.9,-123.8,9,8,47.333333333333826
48.90_-123.90,48.9,-123.9,5,5,26.54242424242711
48.90_-124.00,48.9,-124.0,6,6,16.700000000000053
48.90_-124.10,48.9,-124.1,3,1,20.815384615384595
48.90_-124.20,48.9,-124.2,6,5,23.0
48.90_-124.30,48.9,-124.3,14,10,23.929807692307982
48.90_-124.40,48.9,-124.4,13,10,29.084415584416
48.90_-124.50,48.9,-124.5,7,4,47.171542857140295
48.90_-124.60,48.9,-124.6,10,5,35.10769230769215
48.90_-124.70,48.9,-124.7,12,8,30.33749999999924
48.90_-124.80,48.9,-124.8,13,9,33.03157894736867
48.90_-124.90,48.9,-124.9,1,1,40.809610983981145
49.00_-123.70,49.0,-123.7,3,1,37.12253521126729
49.00_-123.80,49.0,-123.8,8,8,52.266160520607514
49.00_-123.90,49.0,-123.9,7,7,42.87204301075137
49.00_-124.00,49.0,-124.0,4,4,22.733333333333334
49.00_-124.10,49.0,-124.1,1,1,21.31290322580676
49.00_-124.20,49.0,-124.2,4,3,23.184244372989237
49.00_-124.30,49.0,-124.3,11,8,28.581412103748615
49.00_-124.40,49.0,-124.4,16,13,26.65209790209789
49.00_-124.50,49.0,-124.5,17,12,45.4866640543361
49.00_-124.60,49.0,-124.6,19,13,40.663876651983124
49.00_-124.70,49.0,-124.7,16,11,29.82800840777648
49.00_-124.80,49.0,-124.8,17,12,27.864285714287114
49.00_-124.90,49.0,-124.9,4,4,19.4
49.00_-125.00,49.0,-125.0,3,3,37.700000000000074
49.10_-124.20,49.1,-124.2,1,1,39.99435133457493
49.10_-124.30,49.1,-124.3,3,1,26.576376230405227
49.10_-124.50,49.1,-124.5,1,1,39.91031916487614
49.10_-124.60,49.1,-124.6,16,11,42.48503137999876
49.10_-124.70,49.1,-124.7,11,9,41.92629861299972
49.10_-124.80,49.1,-124.8,11,9,40.271707028946416
49.10_-124.90,49.1,-124.9,3,3,27.389118347895433
49.10_-125.00,49.1,-125.0,8,7,40.13918918918905
49.10_-125.10,49.1,-125.1,4,4,36.21683168316792
49.10_-125.20,49.1,-125.2,2,2,36.86363636363678
49.20_-124.60,49.2,-124.6,7,6,38.56553730733159
49.20_-124.70,49.2,-124.7,6,4,35.64400326353041
49.20_-124.80,49.2,-124.8,9,8,43.25615763546725
49.20_-124.90,49.2,-124.9,10,8,35.224759419343115
49.20_-125.00,49.2,-125.0,14,12,26.737271043423917
49.20_-125.10,49.2,-125.1,7,7,19.87830188679251
49.20_-125.20,49.2,-125.2,5,5,42.125609756097994
49.20_-125.30,49.2,-125.3,1,1,24.447154471545296
49.30_-124.60,49.3,-124.6,1,1,44.354794256263446
49.30_-124.80,49.3,-124.8,4,4,32.42608695652188
49.30_-125.00,49.3,-125.0,9,8,23.04533333333338
49.30_-125.10,49.3,-125.1,5,5,40.31362318840568
49.30_-125.20,49.3,-125.2,3,3,25.819036144578423
49.30_-125.60,49.3,-125.6,1,1,37.05714285714159
49.40_-124.70,49.4,-124.7,2,2,21.200000000000063
49.40_-124.80,49.4,-124.8,2,2,19.72413793103436
49.40_-124.90,49.4,-124.9,1,1,22.046956521739595
49.40_-125.00,49.4,-125.0,5,4,26.355652173913178
49.40_-125.10,49.4,-125.1,7,6,25.816626506026136
49.40_-125.20,49.4,-125.2,11,10,14.283101265822761
49.40_-125.30,49.4,-125.3,5,5,38.90380047505846
49.40_-125.40,49.4,-125.4,3,3,42.082857142857094
49.40_-125.50,49.4,-125.5,3,3,41.11297509829583
49.40_-125.60,49.4,-125.6,5,5,33.389438943897574
49.40_-125.70,49.4,-125.7,3,3,36.38496732026137
49.40_-125.80,49.4,-125.8,2,2,35.9481481481479
49.40_-125.90,49.4,-125.9,1,1,37.9730769230768
49.50_-125.20,49.5,-125.2,3,3,14.868702531645535
49.50_-125.30,49.5,-125.3,2,2,31.424904074547456
49.50_-125.40,49.5,-125.4,1,1,50.33628722821268
49.50_-125.50,49.5,-125.5,1,1,42.5939999999994
49.50_-125.60,49.5,-125.6,3,3,32.12444444444173
49.50_-125.70,49.5,-125.7,1,1,34.3104395604396
49.50_-126.10,49.5,-126.1,1,1,40.50330578512385
49.60_-125.20,49.6,-125.2,1,1,17.10769230769166
49.60_-125.80,49.6,-125.8,2,2,21.799792531121415
49.60_-125.90,49.6,-125.9,2,2,23.25280373831858
49.60_-126.00,49.6,-126.0,2,2,36.459999999999965
49.60_-126.10,49.6,-126.1,2,2,41.8338842975207
49.60_-126.20,49.6,-126.2,2,2,36.510526315789434
49.60_-126.30,49.6,-126.3,1,1,33.87842323651476
49.60_-126.50,49.6,-126.5,1,1,29.999999999999424
49.70_-124.50,49.7,-124.5,1,1,13.484722222222086
49.70_-125.80,49.7,-125.8,2,2,39.86244813278172
49.70_-125.90,49.7,-125.9,1,1,29.617601246106343
49.70_-126.00,49.7,-126.0,1,1,37.65882352941196
49.70_-126.20,49.7,-126.2,3,3,37.16319954776705
49.70_-126.30,49.7,-126.3,1,1,38.97642896026094
49.70_-126.40,49.7,-126.4,1,1,35.63043478260859
49.70_-126.80,49.7,-126.8,1,1,25.2
49.80_-125.80,49.8,-125.8,1,1,37.69157088122666
49.80_-126.00,49.8,-126.0,1,1,42.77647058823514
49.80_-126.20,49.8,-126.2,3,3,36.38959864330126
49.80_-126.30,49.8,-126.3,4,4,38.75024496461607
49.80_-126.40,49.8,-126.4,3,3,40.97599999999976
49.80_-126.50,49.8,-126.5,1,1,22.532512315272637
49.80_-126.60,49.8,-126.6,1,1,29.061538461539705
49.90_-126.00,49.9,-126.0,1,1,34.29850324767022
49.90_-126.20,49.9,-126.2,1,1,35.79525636553859
49.90_-126.30,49.9,-126.3,2,2,35.8351935193524
49.90_-126.40,49.9,-126.4,2,2,24.117821782178613
49.90_-126.50,49.9,-126.5,2,2,24.254978639499857
49.90_-126.60,49.9,-126.6,2,2,30.98673484366637
49.90_-126.70,49.9,-126.7,1,1,25.159558643636885
50.00_-126.30,50.0,-126.3,1,1,20.834432234432242
50.00_-126.40,50.0,-126.4,2,2,21.394871794871744
50.00_-126.50,50.0,-126.5,2,2,30.204554749953385
50.00_-126.60,50.0,-126.6,3,3,23.21170151150013
50.00_-126.70,50.0,-126.7,2,2,16.353154718532238
50.00_-126.80,50.0,-126.8,1,1,19.924913925719565
50.00_-127.00,50.0,-127.0,1,1,29.37783740371631
50.00_-127.20,50.0,-127.2,1,1,27.79554973821989
50.10_-126.60,50.1,-126.6,3,3,18.009265175719136
50.10_-126.70,50.1,-126.7,2,2,21.53922274839385
50.10_-126.80,50.1,-126.8,3,3,26.95736576075008
50.10_-127.00,50.1,-127.0,1,1,28.61818734639069
50.20_-126.80,50.2,-126.8,2,2,17.413973799126836
50.20_-127.00,50.2,-127.0,1,1,32.46823928851966
