tag,boundary,nfam,common,leak
ALSE,2020-08-25,44,-0.006070344699935863,0.11854065924817811
ALSE,2023-01-12,46,0.013197136432044622,0.3151111289333593
BCCR,2023-12-29,37,-0.0066767859472351325,0.17038735595640497
BEER,2024-05-10,41,-0.06737072336319973,0.22787785992507809
BFSB,2017-04-20,18,0.17088716791018532,0.13329955183859923
BFSB,2017-06-06,18,0.14543670474265774,0.11343174409427327
CARB,2022-05-26,47,0.23118243653189122,0.249182106383949
CARB,2023-04-24,47,0.22387666810408463,0.28860632228763294
CAVE,2022-11-10,11,0.04798869658873469,0.15599933688252043
CLRS,2016-09-07,9,0.18405476249060487,0.2434276554965348
CLRS,2016-11-02,9,0.18667426391119518,0.20852916053768497
CLRSnew,2016-09-07,24,0.2565834791826618,0.2624924232413087
CLRSnew,2016-11-02,24,0.24503466122413264,0.2667570681470044
CRBN,2023-01-20,8,0.3654400574939327,0.2730977487245994
CRBN,2023-04-24,9,0.3907579865557518,0.3098778781634792
DBO,2011-08-17,28,-0.007103268569237127,0.32561902510635
DING,2020-08-20,17,-0.23431501903854976,0.3026715086380922
DMOR,2023-11-03,62,0.1941909456462117,0.10045939793652112
DMOR,2025-06-24,62,0.1941909456462117,0.10045939793652112
DONK,2021-07-07,28,0.044216115904897144,0.11248192352118667
DRAN,2020-11-14,52,0.1960386123269245,0.18625793147323152
DRAN,2023-01-05,51,0.10852851928301978,0.1094327454832068
DRAN,2023-08-24,48,-0.06155967216543879,0.20818550555712564
GRPK,2025-05-21,29,-0.20632134419693024,0.3308500270706668
GTWY,2023-04-24,19,-0.5177808312215477,0.0607465792583659
GUEM,2023-10-10,46,-0.012519683210499732,0.07296611033986082
GUMB,2024-08-26,28,-0.0043897081528505915,0.18031797553882775
HANS,2022-04-02,55,-0.09997897225130217,0.07662878301479659
HAYF,2025-05-06,53,-0.004212240265587676,0.1190411750858826
HEBO,2011-06-27,6,-0.17380697667514938,0.051834016514625506
IRYS,2020-08-27,25,0.21038808184186042,0.2626062908544633
JRO,2015-01-20,10,0.06426876132239254,0.18246224224445193
KBO,2021-04-08,6,0.3287455066564885,0.3093016974393732
KBO,2025-11-21,5,-0.036890873477475654,0.2965084511140404
KCPB,2010-11-01,9,0.23184252894538201,0.380144869546242
KCPB,2011-07-13,11,0.22646348059961602,0.10073884208637059
KCPB,2011-08-23,11,0.23284405695861643,0.18955384661833655
KCPB,2015-09-02,11,0.30097801662297213,0.507588668544959
KCPB,2015-10-29,11,0.27935036279398967,0.5572288335810027
KCPB,2016-04-28,11,0.27935036279398967,0.54615977347409
KCPB,2019-09-13,11,0.2621873480927095,0.2773932093005108
KEB,2025-12-03,38,-0.09797832495775846,0.31137586200009404
KHBB,2010-11-03,14,-0.07488470664111223,0.38644728423756575
KHBB,2015-10-29,14,0.02872710842711542,0.14960503161543662
KHBB,2016-04-28,14,0.0381682728765936,0.14993164250058005
KHBB,2019-06-07,14,0.17924408219823396,0.17571837082239586
KHBB,2022-08-09,14,0.1275953265157706,0.2357469267154162
KHBB,2024-10-07,15,0.019176817220220594,0.22936203382918988
KHBB,2025-11-24,15,-0.09946656226744223,0.19377104590305871
KHMB,2010-11-03,16,-0.6339544816284932,0.22495375314995195
KHMB,2014-11-20,16,-0.0847787602631974,0.13253401136759518
KHMB,2015-10-28,16,0.0297160792346515,0.2023819487246292
KHMB,2016-04-28,16,0.05897853645053346,0.23709909392091233
KHMB,2024-10-07,11,-0.46088717447910044,0.19523450171316806
KRMB,2009-06-03,26,-0.27702317133593446,0.17105491097804745
KRMB,2009-07-31,27,-0.23053962796113017,0.11643980913768638
KRMB,2009-09-16,27,-0.2963934909521584,0.12469632384213053
KRMB,2010-02-03,28,-0.37885476687895614,0.06912616525578616
KRMB,2010-08-04,28,-0.37885476687895614,0.06912616525578616
KRMB,2010-11-02,28,-0.37885476687895614,0.06912616525578616
KRMB,2011-07-14,28,-0.3269719870491886,0.07783457852411284
KRMB,2012-02-10,28,-0.42873896139895973,0.09954640041770685
KRMB,2014-08-13,28,-0.4865140981610241,0.08823312314515676
KRMB,2016-08-25,28,-0.5089841323018909,0.14175482803420428
KRMB,2019-09-11,28,-0.35730354052344626,0.12509003287501846
KRMB,2020-08-25,28,-0.3582530772288153,0.128409039241801
KRP,2010-11-03,28,0.1440930470646131,0.41074947478519713
KRP,2012-02-09,29,0.08166932818073379,0.29787136294887545
KRP,2013-08-14,29,-0.016005289720630197,0.3020817729977789
KRP,2013-10-31,29,-0.016005289720630197,0.3020817729977789
KRP,2014-08-12,29,0.09658818225337804,0.36099029901085106
KRP,2015-10-28,29,0.1157611251868958,0.32599707780288095
KRP,2016-04-28,29,0.0984460087636994,0.34643818188894376
KRP,2021-08-03,30,-0.170254778767659,0.48134225728299884
KSXB,2017-05-03,33,0.8318521329240552,0.6771432413606603
KSXB,2024-10-09,33,0.41893229474018384,0.39296555603486105
LCCR,2020-08-23,47,0.0014773491403295312,0.10838117939776201
LCCR,2021-11-03,47,0.04277437452226439,0.08332681246579904
LDH,2012-10-03,55,-0.054099507582927524,0.07048020404406817
LDH,2015-06-16,55,0.06716656705655952,0.0528131360391752
LDH,2019-07-17,55,0.12362549953000315,0.06953745174935572
LDH,2025-11-25,55,0.06239846948444696,0.09998396957599824
LEBA,2020-10-21,40,-0.19917120479971012,0.40634574364010606
LEID,2025-03-13,6,0.1193067020895455,0.06183332621204315
LEID,2025-04-16,6,0.13895619258685515,0.056112496528293365
LGY,2018-08-10,59,-0.29354008956282635,0.22749174489763507
LOKI,2020-08-28,34,0.04348089845241463,0.1004485554627534
LTC,2012-10-03,74,0.08500719609777958,0.2671169857573264
LTC,2014-09-11,74,0.23545165023282089,0.19885701237460257
LTC,2018-09-26,74,0.10611798067639366,0.22585533232801006
MARQ,2020-08-27,79,0.05503520592261598,0.05789966517507266
MILL,2024-06-22,44,-0.19628485306111626,0.20038784307363916
MOGU,2022-08-19,13,0.21637620527749574,0.2929448496846842
NLWA,2011-05-02,53,-0.009590853829009257,0.18922278587292649
NLWA,2012-06-05,53,-0.015858143924377167,0.15499060345975285
NLWA,2018-06-05,53,0.06888054561846546,0.28123306639273876
OLQN,2021-07-02,67,-0.08427702892257574,0.34114589139729706
OLQN,2024-09-12,67,0.16524445037855087,0.3275026449132734
PETY,2022-08-30,29,-0.09819097573414891,0.2013843450036671
PETY,2025-07-23,26,-0.015423911526555173,0.322890597667518
PGCbhz,2015-01-12,81,0.355442642656448,0.1760552578325213
PGCbhz,2017-08-10,60,0.7115235652182919,0.1769469815103946
PR04,2018-10-04,16,-0.1530390137978328,0.06173842220457395
PR04,2020-07-09,16,-0.13793662499217874,0.050753442337726606
PR04,2020-08-13,16,-0.14754204864959608,0.051413239302951934
PR04,2023-12-20,16,-0.473307941655583,0.12113728179226473
PR05,2018-10-02,6,-0.29558033963272284,0.2926657673153919
PR05,2020-06-18,7,-0.14613072502738075,0.1485485364893825
PR05,2023-04-24,7,-0.03932454815300479,0.08826798470911328
PRIN,2023-03-02,35,0.011422316245977011,0.16837539677876928
RAIN,2020-08-14,64,-0.2974942973308581,0.3042570530526357
RAIN,2020-10-05,64,-0.28074754797966844,0.3047606485474449
RAIN,2022-06-09,64,-0.3659187106614832,0.47254854237840316
RER,2025-03-06,14,0.11519531575890596,0.2765744845933784
ROGE,2024-05-31,25,0.040845267933071985,0.2634558123103657
SAGE,2024-06-22,24,0.4069512506787879,0.22887835887256616
SANG,2024-02-28,65,-0.0008061048771682045,0.09453038525657553
SBAR,2024-06-22,18,0.07705150004845598,0.22915370563017326
SCOT,2022-10-27,29,0.3168258999748435,0.2532305768775489
SHW,2021-09-16,41,0.11057371128457948,0.14807122026783837
SIFT,2020-07-07,18,-0.4020622087260333,0.4756741038444687
SIFT,2022-06-21,18,-0.2221954484312338,0.3933410934942324
SIFT,2023-09-12,18,-0.2419066877234223,0.3535901699787548
SIFT,2023-12-01,18,-0.21835114768831093,0.3580562403515926
SIFT,2025-05-06,18,-0.16227302768888338,0.07778139632081638
SIGP,2025-04-15,54,-0.08788324105691937,0.20638305166701462
SISQ,2020-09-01,13,-0.05219429876803694,0.25708465135078146
SLDQ,2021-07-07,36,0.226930210068091,0.14800220472015277
SLDQ,2021-09-15,36,0.23822174834140658,0.15610891276342556
SNB,2017-06-08,51,-0.01766549199433927,0.16694047014616722
SNB,2017-07-12,51,-0.01766549199433927,0.16694047014616722
SP2,2011-08-25,74,0.13101592405917983,0.050840619141216466
SSO2,2021-08-17,34,0.1128795257740445,0.08253143718406457
STOR,2014-06-19,61,-0.13621594114182337,0.3161185523199525
STOR,2021-04-20,61,-0.10641312597555906,0.42171259555018126
SWF2,2015-07-31,40,0.25866563956640476,0.2537902181215907
SWF2,2017-12-05,40,0.11591945354119818,0.142568195798891
SWF2,2020-07-15,40,0.15838203456527705,0.12037562268622264
TOLE,2021-07-07,74,-0.08529648845112162,0.06454130859164109
TRIN,2022-10-26,19,-0.14687836146579614,0.19173525053656695
TRIN,2025-07-22,17,-0.05920710011637629,0.07072328531349487
UCHR,2022-12-16,11,0.2474563498068405,0.3804938809918723
UCHR,2023-05-25,11,0.34902466019779216,0.1865247828773461
UCHR,2024-02-06,11,0.28584357109967246,0.23079619252874806
UCHR,2025-03-25,10,0.34102301808320146,0.10977949059904583
VERN,2020-10-30,30,-0.02557626348035833,0.07862723080258349
VGZ,2017-03-03,11,0.004363932909819708,0.14181149375201274
VITI,2020-08-27,67,-0.05920582415931182,0.19282012501877105
VITI,2023-09-15,67,-0.11743585912503508,0.1996661361599308
WISH,2011-06-14,76,-0.01907132410710518,0.22463126254671456
WLOO,2020-03-15,19,0.046911150175320306,0.12796784854275914
WLOO,2024-05-24,19,0.09318820321700232,0.21855740186075523
WOOD,2025-06-04,55,0.006477127707918887,0.14115826023193248
WYLD,2020-08-28,14,0.11956148511342417,0.14815519358951795
WYLD,2022-08-11,14,0.1389534373574218,0.24280601936098745
YACT,2020-10-17,32,0.23101687011409683,0.10527990236163445
