order,net,sta,lat,lon,region,record_yr,tremor_km,chans,band,status
1,CN,SHB,49.599,-123.877,5_VancIsl,22.0,6.0,BHZ/HHZ,2-band,
2,UW,SMW,47.319,-123.344,4_Washington,18.0,4.0,EHZ,1-band,
3,UW,HEBO,45.214,-123.755,3_NOregon,15.0,4.0,BHZ,1-band,
4,UW,BBO,42.888,-122.68,2_SOregon,14.0,2.0,EHZ/HHZ,2-band,
5,NC,LCSB,41.416,-122.394,1_NorCal,11.0,2.0,EHZ,1-band,
6,CN,TOFB,49.154,-125.908,5_VancIsl,17.0,5.0,HHZ,1-band,
7,UW,FL2,46.196,-122.351,4_Washington,18.0,4.0,EHZ,1-band,
8,UW,MPO,44.504,-123.553,3_NOregon,14.0,4.0,EHZ,1-band,
9,UW,RNO,43.916,-123.725,2_SOregon,12.0,3.0,EHZ,1-band,
10,NC,KBS,39.917,-123.596,1_NorCal,11.0,2.0,EHZ,1-band,
11,UW,STW,48.151,-123.671,5_VancIsl,11.0,6.0,EHZ,1-band,
12,UW,TDL,46.351,-122.217,4_Washington,18.0,8.0,EHZ,1-band,downloaded
13,UW,WPO,45.573,-122.791,3_NOregon,11.0,3.0,EHZ,1-band,
14,UW,HSO,43.526,-123.092,2_SOregon,12.0,3.0,EHZ,1-band,
15,BK,JCC,40.817,-124.03,1_NorCal,11.0,3.0,BHZ/HHZ,2-band,
16,UW,OCP,48.298,-124.625,5_VancIsl,10.0,2.0,EHZ,1-band,
17,UW,RVC,46.944,-121.974,4_Washington,14.0,5.0,EHZ,1-band,
18,UO,MINN,45.212,-123.264,3_NOregon,10.0,3.0,HHZ,1-band,
19,UO,ROGE,42.695,-123.665,2_SOregon,10.0,3.0,HHZ,1-band,
20,NC,LHE,41.629,-122.232,1_NorCal,11.0,4.0,EHZ,1-band,
21,CN,CLRS,48.82,-124.131,5_VancIsl,10.0,3.0,HHZ,1-band,downloaded
22,UW,RER,46.819,-121.843,4_Washington,14.0,5.0,EHZ/HHZ,2-band,
23,UO,BEER,44.108,-123.847,3_NOregon,10.0,4.0,HHZ,1-band,
24,UO,CAVE,42.121,-123.571,2_SOregon,10.0,3.0,HHZ,1-band,
25,NC,LMP,41.488,-122.155,1_NorCal,11.0,4.0,EHZ,1-band,
26,CN,SYMB,48.559,-123.799,5_VancIsl,10.0,5.0,HHZ,1-band,
27,UW,ELK,46.306,-122.342,4_Washington,13.0,3.0,EHZ,1-band,downloaded
28,UW,FISH,45.931,-123.559,3_NOregon,10.0,5.0,HHZ,1-band,
29,UO,LAIR,43.161,-123.931,2_SOregon,10.0,5.0,HHZ,1-band,
30,NC,LPK,41.455,-122.544,1_NorCal,11.0,6.0,EHZ,1-band,downloaded
31,CN,VGZ,48.413,-123.325,5_VancIsl,9.0,2.0,HHZ,1-band,
32,UW,GMW,47.549,-122.785,4_Washington,13.0,6.0,EHZ,1-band,
33,UO,BUCK,44.197,-122.986,3_NOregon,8.0,1.0,HHZ,1-band,
34,UO,WOOD,42.218,-122.305,2_SOregon,10.0,8.0,HHZ,1-band,
35,BK,DANT,40.295,-121.802,1_NorCal,10.0,1.0,BHZ/HHZ,2-band,
36,CN,CBB,50.032,-125.365,5_VancIsl,10.0,9.0,HHZ,1-band,
37,UW,STOR,47.188,-121.989,4_Washington,12.0,7.0,HHZ,1-band,
38,UW,BABR,44.621,-123.789,3_NOregon,8.0,2.0,HHZ,1-band,
39,UW,UMPQ,43.291,-123.332,2_SOregon,9.0,3.0,EHZ,1-band,
40,NC,KMR,40.202,-123.709,1_NorCal,10.0,1.0,HHZ,1-band,
41,UW,SVOH,48.289,-122.633,5_VancIsl,9.0,3.0,EHZ,1-band,
42,UW,OSD,47.816,-123.706,4_Washington,11.0,2.0,EHZ,1-band,
43,UO,MONKS,45.994,-123.004,3_NOregon,6.0,1.0,HHZ,1-band,
44,UO,DBO,43.119,-123.244,2_SOregon,8.0,4.0,HHZ,1-band,
45,NC,LAMB,41.61,-122.626,1_NorCal,10.0,2.0,EHZ,1-band,
46,UW,MCW,48.679,-122.833,5_VancIsl,9.0,3.0,EHZ,1-band,
47,UW,RRHS,46.799,-123.042,4_Washington,9.0,3.0,EHZ,1-band,
48,UO,ALSE,44.382,-123.59,3_NOregon,6.0,2.0,HHZ,1-band,
49,UO,SALT,42.493,-122.588,2_SOregon,6.0,1.0,HHZ,1-band,
50,NC,KHMB,40.875,-123.733,1_NorCal,10.0,4.0,HHZ,1-band,
51,CN,GDR,49.781,-126.056,5_VancIsl,9.0,4.0,HHZ,1-band,
52,UW,PCFR,46.991,-122.443,4_Washington,9.0,3.0,EHZ,1-band,
53,UO,VITI,44.282,-123.318,3_NOregon,6.0,2.0,HHZ,1-band,
54,UO,KBO,42.212,-124.226,2_SOregon,6.0,2.0,HHZ,1-band,
55,NC,LDL,41.381,-122.294,1_NorCal,9.0,2.0,HHZ,1-band,
56,CN,SNB,48.775,-123.172,5_VancIsl,9.0,4.0,HHZ,1-band,
57,UW,VVHS,47.423,-122.455,4_Washington,9.0,4.0,EHZ,1-band,
58,UO,KUHN,45.785,-122.896,3_NOregon,6.0,2.0,HHZ,1-band,
59,UO,VINO,43.428,-123.422,2_SOregon,6.0,4.0,HHZ,1-band,
60,BK,TRIN,40.974,-122.705,1_NorCal,9.0,3.0,BHZ/HHZ,2-band,
61,CN,NCSB,50.403,-126.056,5_VancIsl,9.0,4.0,HHZ,1-band,
62,UW,BHW,47.836,-122.031,4_Washington,9.0,7.0,EHZ/HHZ,2-band,
63,UW,FISH2,45.928,-123.499,3_NOregon,6.0,3.0,HHZ,1-band,
64,UO,IRYS,43.886,-123.257,2_SOregon,6.0,4.0,HHZ,1-band,
65,BK,PETY,40.177,-122.788,1_NorCal,9.0,3.0,BHZ/HHZ,2-band,
66,CN,GOBB,48.949,-123.51,5_VancIsl,9.0,5.0,HHZ,1-band,
67,CC,CARB,46.988,-122.005,4_Washington,8.0,1.0,BHZ,1-band,
68,UO,LOKI,45.062,-123.108,3_NOregon,6.0,4.0,HHZ,1-band,
69,UO,DRAN,43.697,-123.349,2_SOregon,6.0,4.0,HHZ,1-band,
70,NC,LBR,41.409,-122.068,1_NorCal,9.0,3.0,HHZ,1-band,
71,CN,PTRF,48.544,-124.413,5_VancIsl,9.0,5.0,HHZ,1-band,
72,US,NLWA,47.392,-123.869,4_Washington,8.0,3.0,BHZ,1-band,
73,UO,MARQ,45.066,-122.669,3_NOregon,6.0,4.0,HHZ,1-band,
74,UO,SISQ,42.275,-123.632,2_SOregon,6.0,4.0,HHZ,1-band,
75,BK,SCOT,41.392,-122.854,1_NorCal,9.0,4.0,BHZ/HHZ,2-band,
76,CN,BFSB,48.834,-125.136,5_VancIsl,9.0,5.0,HHZ,1-band,downloaded
77,UW,SHW,46.194,-122.235,4_Washington,8.0,3.0,EHZ/HHZ,2-band,
78,UO,GROV,45.538,-123.157,3_NOregon,6.0,5.0,HHZ,1-band,
79,UO,WYLD,43.144,-123.429,2_SOregon,6.0,5.0,HHZ,1-band,
80,NC,KSXB,41.83,-123.877,1_NorCal,9.0,4.0,HHZ,1-band,
81,CN,MGRB,49.0,-124.697,5_VancIsl,8.0,0.0,HHZ,1-band,
82,UW,BOW2,46.477,-123.233,4_Washington,8.0,4.0,EHZ,1-band,
83,UO,PERY,45.041,-123.26,3_NOregon,6.0,5.0,HHZ,1-band,
84,UO,HBUG,42.641,-124.379,2_SOregon,6.0,5.0,HHZ,1-band,
85,NC,LBO,41.492,-122.244,1_NorCal,9.0,4.0,EHZ,1-band,
86,CN,PABB,49.219,-124.811,5_VancIsl,8.0,2.0,HHZ,1-band,downloaded
87,UW,RVW2,46.153,-122.741,4_Washington,8.0,6.0,EHZ,1-band,
88,UO,NBFR,45.726,-123.853,3_NOregon,6.0,5.0,HHZ,1-band,
89,UO,DING,42.862,-124.054,2_SOregon,6.0,6.0,HHZ,1-band,
90,NC,KRP,41.158,-124.023,1_NorCal,10.0,14.0,HHZ,1-band,
91,UW,LUMI,48.72,-122.706,5_VancIsl,8.0,2.0,HHZ,1-band,
92,UW,OLQN,47.513,-123.813,4_Washington,7.0,2.0,HHZ,1-band,
93,UO,VERN,45.853,-123.248,3_NOregon,6.0,6.0,HHZ,1-band,
94,UO,KEB,42.872,-124.334,2_SOregon,6.0,6.0,HHZ,1-band,
95,NC,KCPB,39.686,-123.582,1_NorCal,10.0,14.0,HHZ,1-band,
96,UW,UWFH,48.546,-123.013,5_VancIsl,8.0,5.0,EHZ,1-band,
97,UW,DOSE,47.717,-122.972,4_Washington,7.0,3.0,HHZ,1-band,
98,UO,PF27,45.545,-122.76,3_NOregon,6.0,6.0,HHZ,1-band,
99,UW,JEDS,43.752,-124.049,2_SOregon,6.0,7.0,HHZ,1-band,
100,NC,LBP,40.317,-122.882,1_NorCal,8.0,2.0,EHZ,1-band,
101,CN,MYRA,49.551,-125.57,5_VancIsl,8.0,6.0,HHZ,1-band,
102,UW,TKEY,47.179,-122.772,4_Washington,7.0,3.0,HHZ,1-band,
103,UW,YACT,45.932,-122.419,3_NOregon,6.0,7.0,HHZ,1-band,
104,NC,LSR,41.107,-122.271,1_NorCal,8.0,2.0,EHZ,1-band,
105,CN,TXDB,49.698,-124.438,5_VancIsl,7.0,3.0,HHZ,1-band,
106,CC,RUSH,46.903,-121.944,4_Washington,7.0,3.0,BHZ,1-band,
107,UW,SSO2,44.841,-122.483,3_NOregon,7.0,15.0,HHZ,1-band,
108,NC,LBK,41.084,-122.667,1_NorCal,8.0,3.0,EHZ,1-band,
109,UW,DONK,48.424,-122.157,5_VancIsl,7.0,4.0,HHZ,1-band,
110,CC,VOIT,46.966,-121.983,4_Washington,7.0,4.0,BHZ,1-band,
111,UW,LCCR,45.206,-122.478,3_NOregon,6.0,9.0,HHZ,1-band,
112,NC,LGP,40.912,-122.829,1_NorCal,8.0,3.0,EHZ,1-band,
113,UW,BERY,48.264,-122.096,5_VancIsl,8.0,11.0,HHZ,1-band,
114,UW,CINE,46.557,-122.567,4_Washington,7.0,5.0,HHZ,1-band,
115,UW,PCOR,45.214,-123.968,3_NOregon,5.0,3.0,HHZ,1-band,
116,NC,LSH,40.793,-122.039,1_NorCal,8.0,3.0,EHZ,1-band,
117,UW,LRIV,48.057,-123.504,5_VancIsl,7.0,5.0,HHZ,1-band,
118,UW,WHGC,46.656,-123.73,4_Washington,7.0,5.0,HHZ,1-band,
119,UO,WLOO,44.523,-122.738,3_NOregon,6.0,10.0,HHZ,1-band,
120,NC,LDB,40.431,-121.786,1_NorCal,8.0,4.0,EHZ,1-band,
121,UW,SLDQ,48.062,-124.141,5_VancIsl,7.0,5.0,HHZ,1-band,
122,UW,TOLE,46.453,-122.845,4_Washington,7.0,6.0,HHZ,1-band,
123,UO,UCHR,44.835,-123.871,3_NOregon,5.0,4.0,HHZ,1-band,
124,NC,LRR,40.466,-121.622,1_NorCal,8.0,4.0,EHZ,1-band,
125,CN,SHPB,49.348,-126.26,5_VancIsl,7.0,7.0,HHZ,1-band,
126,UW,SP2,47.556,-122.249,4_Washington,7.0,6.0,HHZ,1-band,
127,UO,TRIPT,45.63,-123.644,3_NOregon,5.0,5.0,HHZ,1-band,
128,NC,LEL,40.464,-121.518,1_NorCal,8.0,4.0,EHZ,1-band,
129,UW,PRIN,48.212,-122.631,5_VancIsl,6.0,3.0,HHZ,1-band,
130,UW,WISH,47.116,-123.771,4_Washington,7.0,6.0,HHZ,1-band,
131,NC,LSF,40.658,-122.524,1_NorCal,8.0,5.0,EHZ,1-band,
132,CN,GHNB,49.306,-124.236,5_VancIsl,6.0,3.0,HHZ,1-band,
133,UO,WIKI,46.106,-123.585,4_Washington,6.0,1.0,HHZ,1-band,
134,NC,LVR,40.039,-122.673,1_NorCal,8.0,5.0,EHZ,1-band,
135,CN,BTB,49.469,-125.523,5_VancIsl,6.0,4.0,HHZ,1-band,
136,UW,RADR,46.422,-123.799,4_Washington,7.0,8.0,HHZ,1-band,
137,BK,WEAV,40.746,-122.984,1_NorCal,8.0,5.0,BHZ/HHZ,2-band,
138,UW,HILL,48.388,-122.447,5_VancIsl,6.0,4.0,HHZ,1-band,
139,UW,GSM,47.204,-121.796,4_Washington,7.0,8.0,EHZ,1-band,
140,NC,LPG,40.145,-122.688,1_NorCal,8.0,5.0,EHZ,1-band,
141,CN,OZB,48.961,-125.498,5_VancIsl,6.0,4.0,HHZ,1-band,
142,UO,RAIN,46.082,-123.011,4_Washington,6.0,2.0,HHZ,1-band,
143,NC,LGY,41.345,-122.196,1_NorCal,8.0,5.0,HHZ,1-band,
144,UW,OTR,48.086,-124.345,5_VancIsl,6.0,4.0,HHZ,1-band,
145,CC,PR01,46.91,-122.038,4_Washington,6.0,3.0,BHZ,1-band,
146,NC,LRB,40.143,-122.558,1_NorCal,8.0,6.0,EHZ,1-band,
147,UW,OLGA,48.605,-122.803,5_VancIsl,5.0,1.0,HHZ,1-band,
148,CC,PR03,46.903,-122.033,4_Washington,6.0,3.0,BHZ,1-band,
149,BK,SIGP,41.873,-124.068,1_NorCal,8.0,6.0,BHZ/HHZ,2-band,
150,CN,QEPB,49.242,-123.114,5_VancIsl,6.0,8.0,HHZ,1-band,
151,CC,PR04,46.93,-121.989,4_Washington,6.0,3.0,BHZ,1-band,
152,NC,LCM,40.147,-121.523,1_NorCal,8.0,6.0,EHZ/HHZ,2-band,
153,UW,NATEM,48.106,-122.819,5_VancIsl,5.0,2.0,HHZ,1-band,
154,CC,CRBN,46.988,-121.961,4_Washington,6.0,3.0,BHZ,1-band,
155,BK,DMOR,40.71,-123.703,1_NorCal,7.0,1.0,BHZ/HHZ,2-band,
156,UW,CHIMA,48.011,-122.781,5_VancIsl,5.0,2.0,HHZ,1-band,
157,CC,SWF2,46.178,-122.217,4_Washington,6.0,3.0,BHZ,1-band,
158,BK,RVIT,39.906,-123.379,1_NorCal,7.0,2.0,BHZ/HHZ,2-band,
159,UW,RNWY,48.612,-123.126,5_VancIsl,5.0,2.0,HHZ,1-band,
160,UW,LCW2,46.663,-122.697,4_Washington,6.0,4.0,EHZ,1-band,
161,NC,LDH,40.512,-121.582,1_NorCal,7.0,2.0,HHZ,1-band,
162,UW,LOPEZ,48.437,-122.887,5_VancIsl,5.0,4.0,HHZ,1-band,
163,UW,WYNO,47.434,-123.613,4_Washington,6.0,4.0,HHZ,1-band,
164,NC,GRO,39.917,-122.671,1_NorCal,7.0,3.0,EHZ,1-band,
165,UW,OSQM,48.043,-123.131,5_VancIsl,5.0,5.0,HHZ,1-band,
166,CC,PR02,46.918,-122.049,4_Washington,6.0,4.0,BHZ,1-band,
167,NC,GVV,39.775,-122.676,1_NorCal,7.0,3.0,EHZ,1-band,
168,UW,GUEM,48.547,-122.63,5_VancIsl,5.0,6.0,HHZ,1-band,
169,UW,SEAS2,46.036,-123.896,4_Washington,6.0,4.0,HHZ,1-band,
170,NC,GBB,39.801,-122.345,1_NorCal,7.0,3.0,EHZ,1-band,
171,UW,BHAM,48.787,-122.418,5_VancIsl,5.0,12.0,HHZ,1-band,
172,UW,PUPY,46.495,-122.146,4_Washington,7.0,11.0,EHZ,1-band,
173,NC,LMC,41.274,-122.122,1_NorCal,7.0,3.0,HHZ,1-band,
174,UW,SAXON,48.683,-122.161,5_VancIsl,5.0,14.0,HHZ,1-band,
175,UW,BST09,47.654,-122.309,4_Washington,6.0,5.0,HHZ,1-band,
176,BK,YBH,41.732,-122.71,1_NorCal,7.0,4.0,BHZ/HHZ,2-band,
177,CN,BOIB,49.39,-123.379,5_VancIsl,5.0,17.0,HHZ,1-band,
178,CC,SIFT,46.867,-121.953,4_Washington,6.0,5.0,BHZ,1-band,
179,BK,HAYF,40.523,-123.232,1_NorCal,7.0,4.0,BHZ/HHZ,2-band,
180,UW,MULN,48.535,-122.064,5_VancIsl,5.0,18.0,HHZ,1-band,
181,CC,STD,46.237,-122.224,4_Washington,6.0,5.0,BHZ,1-band,
182,BK,MOGU,41.831,-122.421,1_NorCal,7.0,4.0,BHZ/HHZ,2-band,
183,UW,LEBA,46.546,-123.563,4_Washington,6.0,6.0,HHZ,1-band,
184,BK,DLIK,40.455,-122.894,1_NorCal,7.0,5.0,BHZ/HHZ,2-band,
185,UW,SALO,47.951,-122.373,4_Washington,6.0,6.0,HHZ,1-band,
186,NC,KHBB,40.66,-123.22,1_NorCal,7.0,5.0,HHZ,1-band,
187,CC,PR05,46.842,-121.949,4_Washington,6.0,6.0,BHZ,1-band,
188,BK,BJES,40.544,-123.88,1_NorCal,7.0,5.0,BHZ/HHZ,2-band,
189,CC,GTWY,46.74,-121.917,4_Washington,6.0,7.0,BHZ,1-band,
190,NC,GCK,39.544,-122.437,1_NorCal,7.0,6.0,EHZ,1-band,
191,CC,JRO,46.275,-122.218,4_Washington,6.0,7.0,HHZ,1-band,
192,NC,OCR,39.868,-121.752,1_NorCal,7.0,8.0,EHZ,1-band,
193,UW,ANGUS,47.101,-123.493,4_Washington,5.0,1.0,HHZ,1-band,
194,NC,LTC,40.209,-122.126,1_NorCal,6.0,2.0,EHZ/HHZ,2-band,
195,UW,CORE,46.926,-123.916,4_Washington,6.0,8.0,HHZ,1-band,
196,NC,KIP,39.809,-123.481,1_NorCal,6.0,2.0,EHZ,1-band,
197,CC,KAUT,46.73,-121.857,4_Washington,6.0,8.0,BHZ,1-band,
198,NC,KRMB,41.523,-123.908,1_NorCal,6.0,3.0,HHZ,1-band,
199,UW,DOTY,46.705,-123.369,4_Washington,5.0,2.0,HHZ,1-band,
200,BK,SAGE,40.795,-122.039,1_NorCal,6.0,3.0,BHZ/HHZ,2-band,
201,CC,MAR,46.285,-122.297,4_Washington,5.0,2.0,BHZ,1-band,
202,NC,KCR,40.426,-123.821,1_NorCal,6.0,3.0,EHZ,1-band,
203,UW,RATT,47.425,-121.803,4_Washington,7.0,16.0,HHZ,1-band,
204,NC,KOM,41.279,-123.453,1_NorCal,6.0,4.0,EHZ,1-band,
205,UW,WINDI,47.314,-123.332,4_Washington,5.0,3.0,HHZ,1-band,
206,NC,LMI,40.512,-122.149,1_NorCal,6.0,4.0,EHZ,1-band,
207,UW,SKAMO,46.308,-123.338,4_Washington,5.0,3.0,HHZ,1-band,
208,NC,KRK,39.563,-123.184,1_NorCal,6.0,4.0,EHZ,1-band,
209,UW,HANS,47.907,-122.569,4_Washington,5.0,3.0,HHZ,1-band,
210,BK,AONC,39.94,-122.061,1_NorCal,6.0,5.0,BHZ/HHZ,2-band,
211,UW,MONTE,47.024,-123.575,4_Washington,5.0,3.0,HHZ,1-band,
212,BK,LCOW,40.643,-122.185,1_NorCal,6.0,5.0,BHZ/HHZ,2-band,
213,UW,ARTIC,46.805,-123.759,4_Washington,5.0,3.0,HHZ,1-band,
214,NC,KFP,39.639,-123.425,1_NorCal,6.0,5.0,EHZ,1-band,
215,CC,UNFR,46.273,-122.292,4_Washington,5.0,3.0,BHZ,1-band,
216,NC,LWHB,40.642,-121.947,1_NorCal,6.0,6.0,EHZ,1-band,
217,UW,YELM,46.94,-122.591,4_Washington,5.0,4.0,HHZ,1-band,
218,BK,BCCR,39.819,-121.734,1_NorCal,6.0,6.0,BHZ/HHZ,2-band,
219,UW,PAN4H,47.176,-123.27,4_Washington,5.0,4.0,HHZ,1-band,
220,NC,KBN,39.892,-123.195,1_NorCal,5.0,1.0,EHZ,1-band,
221,UW,LEID,46.829,-123.465,4_Washington,5.0,4.0,HHZ,1-band,
222,BK,GUMB,41.213,-122.509,1_NorCal,5.0,2.0,BHZ/HHZ,2-band,
223,UW,NEMA,46.497,-123.75,4_Washington,5.0,4.0,HHZ,1-band,
224,BK,GRPK,41.122,-121.994,1_NorCal,5.0,2.0,BHZ/HHZ,2-band,
225,UW,COWS,47.666,-121.931,4_Washington,5.0,4.0,HHZ,1-band,
226,NC,GROB,39.917,-122.671,1_NorCal,5.0,3.0,EHZ,1-band,
227,UW,ONRC,47.933,-124.396,4_Washington,5.0,4.0,HHZ,1-band,
228,BK,SANG,41.91,-123.649,1_NorCal,5.0,4.0,BHZ/HHZ,2-band,
229,UW,EAGLE,47.258,-122.999,4_Washington,5.0,5.0,HHZ,1-band,
230,BK,SBAR,41.663,-123.071,1_NorCal,5.0,5.0,BHZ/HHZ,2-band,
231,UW,LACKA,46.852,-122.486,4_Washington,5.0,5.0,HHZ,1-band,
232,BK,MILL,41.705,-124.041,1_NorCal,5.0,5.0,BHZ/HHZ,2-band,
233,CC,NFT,46.27,-122.256,4_Washington,5.0,5.0,BHZ,1-band,
234,BK,PIT6,40.931,-121.948,1_NorCal,5.0,5.0,BHZ/HHZ,2-band,
235,UW,BOIS,46.551,-123.13,4_Washington,5.0,6.0,HHZ,1-band,
236,NC,OGO,39.654,-121.613,1_NorCal,7.0,22.0,EHZ,1-band,
237,UW,DOORS,47.055,-123.257,4_Washington,5.0,6.0,HHZ,1-band,
238,UW,DEAL,46.741,-123.559,4_Washington,5.0,6.0,HHZ,1-band,
239,UW,HOQUI,47.081,-123.957,4_Washington,5.0,10.0,HHZ,1-band,
